{"openapi":"3.0.0","info":{"title":"New environment","version":"1.0.0"},"servers":[{"url":"http://localhost:3001/"}],"paths":{"/":{"get":{"description":"","responses":{"200":{"description":"","content":{"application/json":{}},"headers":{"":{"schema":{"type":"string"},"example":""}}}}}},"/user/login":{"post":{"description":"","responses":{"200":{"description":"","content":{"application/json":{}},"headers":{"":{"schema":{"type":"string"},"example":""}}}}}},"/products":{"get":{"description":"","responses":{"200":{"description":"","content":{"application/json":{}},"headers":{"":{"schema":{"type":"string"},"example":""}}}}},"post":{"description":"","responses":{"201":{"description":"","content":{"application/json":{}},"headers":{"":{"schema":{"type":"string"},"example":""}}}}},"put":{"description":"","responses":{"204":{"description":"","content":{"application/json":{}},"headers":{"":{"schema":{"type":"string"},"example":""}}}}},"patch":{"description":"","responses":{"204":{"description":"","content":{"application/json":{}},"headers":{"":{"schema":{"type":"string"},"example":""}}}}}},"/products/1":{"get":{"description":"","responses":{"200":{"description":"","content":{"application/json":{}},"headers":{"":{"schema":{"type":"string"},"example":""}}}}}}}}
